Daily Mean Returns,Mean Monthly Returns,Annualized Mean Returns
0.0003005142350248966,0.006240359832497245,0.07572958722627395
